app_id,audit_axis,judgment_type,n_judgments,verdicts,annotators
2,Sharing,Correctness,2,Correct | Incorrect,A02 | A03
3,Sharing,Correctness,2,Correct | Incorrect,A02 | A03
4,Sharing,Correctness,2,Incorrect | Correct,A03 | A02
5,Sharing,Correctness,2,Incorrect | Correct,A03 | A02
6,Sharing,Correctness,2,Incorrect | Correct,A03 | A02
33,Sharing,Correctness,2,Correct | Incorrect,A02 | A03
167,Sharing,Correctness,2,Correct | Incorrect,A05 | A06
168,Sharing,Correctness,2,Correct | Incorrect,A05 | A06
202,Sharing,Correctness,2,Correct | Incorrect,A07 | A05
205,Sharing,Correctness,2,Incorrect | Correct,A07 | A05
207,Sharing,Correctness,2,Correct | Incorrect,A07 | A05
208,Sharing,Correctness,2,Correct | Incorrect,A07 | A05
209,Sharing,Correctness,2,Correct | Incorrect,A07 | A05
210,Sharing,Correctness,2,Correct | Incorrect,A07 | A05
214,Sharing,Correctness,2,Correct | Incorrect,A07 | A05
215,Sharing,Correctness,2,Correct | Incorrect,A07 | A05
216,Sharing,Correctness,2,Correct | Incorrect,A07 | A05
217,Sharing,Correctness,2,Correct | Incorrect,A07 | A05
220,Sharing,Correctness,2,Correct | Incorrect,A07 | A05
222,Sharing,Correctness,2,Correct | Incorrect,A07 | A05
247,Sharing,Correctness,2,Incorrect | Correct,A06 | A05
248,Sharing,Correctness,2,Incorrect | Correct,A06 | A05
252,Sharing,Correctness,2,Incorrect | Correct,A06 | A05
257,Sharing,Correctness,2,Incorrect | Correct,A06 | A05
258,Sharing,Correctness,2,Incorrect | Correct,A06 | A05
261,Sharing,Correctness,2,Incorrect | Correct,A06 | A05
267,Sharing,Correctness,2,Incorrect | Correct,A06 | A05
271,Sharing,Correctness,2,Incorrect | Correct,A06 | A05
272,Sharing,Correctness,3,Incorrect | Incorrect | Correct,A06 | A06 | A05
273,Sharing,Correctness,2,Incorrect | Correct,A06 | A05
1809,Sharing,Correctness,2,Correct | Incorrect,A05 | A06
1814,Sharing,Correctness,2,Incorrect | Correct,A05 | A06
1815,Sharing,Correctness,2,Correct | Incorrect,A05 | A06
1819,Sharing,Correctness,2,Correct | Incorrect,A05 | A06
1822,Sharing,Correctness,2,Correct | Incorrect,A05 | A06
1824,Sharing,Correctness,2,Correct | Incorrect,A05 | A06
1825,Sharing,Correctness,2,Incorrect | Correct,A05 | A06
1827,Sharing,Correctness,2,Correct | Incorrect,A05 | A06
1829,Sharing,Correctness,2,Correct | Incorrect,A05 | A06
1830,Sharing,Correctness,2,Correct | Incorrect,A05 | A06
1831,Sharing,Correctness,2,Correct | Incorrect,A05 | A06
1832,Sharing,Correctness,2,Correct | Incorrect,A05 | A06
1834,Sharing,Correctness,2,Correct | Incorrect,A05 | A06
1835,Sharing,Correctness,2,Correct | Incorrect,A05 | A06
1836,Sharing,Correctness,2,Correct | Incorrect,A05 | A06
1837,Sharing,Correctness,2,Correct | Incorrect,A05 | A06
1838,Sharing,Correctness,2,Incorrect | Correct,A05 | A06
1839,Sharing,Correctness,2,Correct | Incorrect,A05 | A06
1840,Sharing,Correctness,2,Correct | Incorrect,A05 | A06
1842,Sharing,Correctness,2,Correct | Incorrect,A05 | A06
1843,Sharing,Correctness,2,Correct | Incorrect,A05 | A06
1844,Sharing,Correctness,2,Correct | Incorrect,A05 | A06
1848,Sharing,Correctness,2,Correct | Incorrect,A05 | A06
1849,Sharing,Correctness,2,Incorrect | Correct,A05 | A06
1852,Sharing,Correctness,2,Correct | Incorrect,A05 | A06
1858,Sharing,Correctness,3,Correct | Incorrect | Incorrect,A05 | A06 | A06
1865,Sharing,Correctness,2,Correct | Incorrect,A05 | A06
1866,Sharing,Correctness,2,Correct | Incorrect,A05 | A06
1868,Sharing,Correctness,2,Correct | Incorrect,A05 | A06
1870,Sharing,Correctness,2,Correct | Incorrect,A05 | A06
1872,Sharing,Correctness,2,Correct | Incorrect,A05 | A06
1875,Sharing,Correctness,2,Correct | Incorrect,A05 | A06
1876,Sharing,Correctness,2,Incorrect | Correct,A05 | A06
1878,Sharing,Correctness,2,Correct | Incorrect,A05 | A06
1887,Sharing,Correctness,2,Incorrect | Correct,A05 | A06
2002,Sharing,Correctness,2,Correct | Incorrect,A05 | A01
2004,Sharing,Correctness,2,Incorrect | Correct,A05 | A01
2006,Sharing,Correctness,2,Incorrect | Correct,A05 | A01
2007,Sharing,Correctness,2,Incorrect | Correct,A05 | A01
2009,Sharing,Correctness,2,Incorrect | Correct,A05 | A01
2027,Sharing,Correctness,2,Correct | Incorrect,A05 | A01
2029,Sharing,Correctness,2,Incorrect | Correct,A05 | A01
2035,Sharing,Correctness,2,Incorrect | Correct,A05 | A01
2036,Sharing,Correctness,2,Incorrect | Correct,A05 | A01
2304,Sharing,Correctness,2,Correct | Incorrect,A01 | A06
2306,Sharing,Correctness,2,Incorrect | Correct,A01 | A06
2307,Sharing,Correctness,2,Incorrect | Correct,A01 | A06
2308,Sharing,Correctness,2,Incorrect | Correct,A01 | A06
2350,Sharing,Correctness,2,Correct | Incorrect,A01 | A06
2352,Sharing,Correctness,2,Correct | Incorrect,A01 | A05
2354,Sharing,Correctness,2,Correct | Incorrect,A01 | A05
2355,Sharing,Correctness,2,Correct | Incorrect,A01 | A05
2357,Sharing,Correctness,2,Correct | Incorrect,A01 | A05
2358,Sharing,Correctness,2,Incorrect | Correct,A01 | A05
2359,Sharing,Correctness,2,Correct | Incorrect,A01 | A05
2360,Sharing,Correctness,2,Correct | Incorrect,A01 | A05
2363,Sharing,Correctness,2,Correct | Incorrect,A01 | A05
2364,Sharing,Correctness,2,Incorrect | Correct,A01 | A05
2365,Sharing,Correctness,2,Correct | Incorrect,A01 | A05
2367,Sharing,Correctness,2,Correct | Incorrect,A01 | A05
2369,Sharing,Correctness,2,Correct | Incorrect,A01 | A05
2377,Sharing,Correctness,2,Correct | Incorrect,A01 | A05
2378,Sharing,Correctness,2,Correct | Incorrect,A01 | A05
2379,Sharing,Correctness,2,Incorrect | Correct,A01 | A05
2380,Sharing,Correctness,2,Correct | Incorrect,A01 | A05
2383,Sharing,Correctness,2,Correct | Incorrect,A01 | A05
2386,Sharing,Correctness,2,Correct | Incorrect,A01 | A05
2387,Sharing,Correctness,2,Correct | Incorrect,A01 | A05
2388,Sharing,Correctness,2,Correct | Incorrect,A01 | A05
2390,Sharing,Correctness,2,Correct | Incorrect,A01 | A05
2394,Sharing,Correctness,2,Correct | Incorrect,A01 | A05
2395,Sharing,Correctness,2,Incorrect | Correct,A01 | A05
2398,Sharing,Correctness,2,Correct | Incorrect,A01 | A05
2399,Sharing,Correctness,2,Incorrect | Correct,A01 | A05
2400,Sharing,Correctness,2,Incorrect | Correct,A01 | A05
224,Sharing,Completeness,2,Complete | Incomplete,A06 | A05
225,Sharing,Completeness,2,Complete | Incomplete,A06 | A05
230,Sharing,Completeness,2,Complete | Incomplete,A06 | A05
233,Sharing,Completeness,2,Complete | Incomplete,A06 | A05
234,Sharing,Completeness,2,Complete | Incomplete,A06 | A05
235,Sharing,Completeness,2,Complete | Incomplete,A06 | A05
236,Sharing,Completeness,2,Complete | Incomplete,A06 | A05
237,Sharing,Completeness,2,Complete | Incomplete,A06 | A05
238,Sharing,Completeness,2,Complete | Incomplete,A06 | A05
241,Sharing,Completeness,2,Complete | Incomplete,A06 | A05
244,Sharing,Completeness,2,Complete | Incomplete,A06 | A05
245,Sharing,Completeness,2,Incomplete | Complete,A06 | A05
246,Sharing,Completeness,2,Complete | Incomplete,A06 | A05
247,Sharing,Completeness,2,Complete | Incomplete,A06 | A05
249,Sharing,Completeness,2,Complete | Incomplete,A06 | A05
250,Sharing,Completeness,2,Complete | Incomplete,A06 | A05
253,Sharing,Completeness,2,Complete | Incomplete,A06 | A05
254,Sharing,Completeness,2,Complete | Incomplete,A06 | A05
260,Sharing,Completeness,2,Incomplete | Complete,A06 | A05
263,Sharing,Completeness,2,Complete | Incomplete,A06 | A05
269,Sharing,Completeness,2,Complete | Incomplete,A06 | A05
270,Sharing,Completeness,2,Complete | Incomplete,A06 | A05
274,Sharing,Completeness,2,Incomplete | Complete,A06 | A05
651,Sharing,Completeness,2,Complete | Incomplete,A05 | A06
1802,Sharing,Completeness,2,Complete | Incomplete,A05 | A06
1804,Sharing,Completeness,2,Complete | Incomplete,A05 | A06
1805,Sharing,Completeness,2,Complete | Incomplete,A05 | A06
1806,Sharing,Completeness,2,Complete | Incomplete,A05 | A06
1808,Sharing,Completeness,2,Complete | Incomplete,A05 | A06
1813,Sharing,Completeness,2,Incomplete | Complete,A05 | A06
1815,Sharing,Completeness,2,Incomplete | Complete,A05 | A06
1821,Sharing,Completeness,2,Incomplete | Complete,A05 | A06
1823,Sharing,Completeness,2,Incomplete | Complete,A05 | A06
1838,Sharing,Completeness,2,Incomplete | Complete,A05 | A06
1844,Sharing,Completeness,2,Incomplete | Complete,A05 | A06
1851,Sharing,Completeness,2,Incomplete | Complete,A05 | A06
1852,Sharing,Completeness,2,Incomplete | Complete,A05 | A06
1854,Sharing,Completeness,2,Incomplete | Complete,A05 | A06
1860,Sharing,Completeness,2,Incomplete | Complete,A05 | A06
1862,Sharing,Completeness,2,Incomplete | Complete,A05 | A06
1864,Sharing,Completeness,2,Incomplete | Complete,A05 | A06
1870,Sharing,Completeness,2,Incomplete | Complete,A05 | A06
1878,Sharing,Completeness,2,Incomplete | Complete,A05 | A06
1892,Sharing,Completeness,2,Incomplete | Complete,A05 | A06
1894,Sharing,Completeness,2,Incomplete | Complete,A05 | A06
1895,Sharing,Completeness,2,Complete | Incomplete,A05 | A06
1897,Sharing,Completeness,2,Incomplete | Complete,A05 | A06
1900,Sharing,Completeness,2,Incomplete | Complete,A05 | A06
2009,Sharing,Completeness,2,Incomplete | Complete,A05 | A01
2029,Sharing,Completeness,2,Incomplete | Complete,A05 | A01
2301,Sharing,Completeness,2,Incomplete | Complete,A01 | A06
2302,Sharing,Completeness,2,Incomplete | Complete,A01 | A06
2303,Sharing,Completeness,2,Incomplete | Complete,A01 | A06
2306,Sharing,Completeness,2,Incomplete | Complete,A01 | A06
2307,Sharing,Completeness,2,Incomplete | Complete,A01 | A06
2308,Sharing,Completeness,2,Incomplete | Complete,A01 | A06
2309,Sharing,Completeness,2,Incomplete | Complete,A01 | A06
2310,Sharing,Completeness,2,Incomplete | Complete,A01 | A06
2352,Sharing,Completeness,2,Complete | Incomplete,A01 | A05
2353,Sharing,Completeness,2,Incomplete | Complete,A01 | A05
2354,Sharing,Completeness,2,Complete | Incomplete,A01 | A05
2355,Sharing,Completeness,2,Complete | Incomplete,A01 | A05
2357,Sharing,Completeness,2,Complete | Incomplete,A01 | A05
2358,Sharing,Completeness,2,Incomplete | Complete,A01 | A05
2359,Sharing,Completeness,2,Complete | Incomplete,A01 | A05
2361,Sharing,Completeness,2,Complete | Incomplete,A01 | A05
2362,Sharing,Completeness,2,Incomplete | Complete,A01 | A05
2363,Sharing,Completeness,2,Complete | Incomplete,A01 | A05
2364,Sharing,Completeness,2,Incomplete | Complete,A01 | A05
2365,Sharing,Completeness,2,Complete | Incomplete,A01 | A05
2370,Sharing,Completeness,2,Incomplete | Complete,A01 | A05
2372,Sharing,Completeness,2,Incomplete | Complete,A01 | A05
2374,Sharing,Completeness,2,Incomplete | Complete,A01 | A05
2378,Sharing,Completeness,2,Complete | Incomplete,A01 | A05
2379,Sharing,Completeness,2,Incomplete | Complete,A01 | A05
2380,Sharing,Completeness,2,Complete | Incomplete,A01 | A05
2382,Sharing,Completeness,2,Incomplete | Complete,A01 | A05
2383,Sharing,Completeness,2,Complete | Incomplete,A01 | A05
2384,Sharing,Completeness,2,Complete | Incomplete,A01 | A05
2385,Sharing,Completeness,2,Incomplete | Complete,A01 | A05
2386,Sharing,Completeness,2,Complete | Incomplete,A01 | A05
2387,Sharing,Completeness,2,Complete | Incomplete,A01 | A05
2388,Sharing,Completeness,2,Complete | Incomplete,A01 | A05
2390,Sharing,Completeness,2,Complete | Incomplete,A01 | A05
2393,Sharing,Completeness,2,Incomplete | Complete,A01 | A05
2394,Sharing,Completeness,2,Complete | Incomplete,A01 | A05
2395,Sharing,Completeness,2,Incomplete | Complete,A01 | A05
2398,Sharing,Completeness,2,Complete | Incomplete,A01 | A05
2399,Sharing,Completeness,2,Incomplete | Complete,A01 | A05
2400,Sharing,Completeness,2,Incomplete | Complete,A01 | A05
1,Collection,Correctness,2,Correct | Incorrect,A02 | A03
2,Collection,Correctness,2,Correct | Incorrect,A02 | A03
3,Collection,Correctness,2,Correct | Incorrect,A02 | A03
4,Collection,Correctness,2,Incorrect | Correct,A03 | A02
6,Collection,Correctness,2,Incorrect | Correct,A03 | A02
40,Collection,Correctness,2,Correct | Incorrect,A02 | A03
205,Collection,Correctness,2,Correct | Incorrect,A07 | A05
206,Collection,Correctness,2,Incorrect | Correct,A07 | A05
208,Collection,Correctness,2,Correct | Incorrect,A07 | A05
213,Collection,Correctness,2,Correct | Incorrect,A07 | A05
214,Collection,Correctness,2,Correct | Incorrect,A07 | A05
215,Collection,Correctness,2,Correct | Incorrect,A07 | A05
216,Collection,Correctness,2,Correct | Incorrect,A07 | A05
217,Collection,Correctness,2,Correct | Incorrect,A07 | A05
222,Collection,Correctness,2,Correct | Incorrect,A07 | A05
224,Collection,Correctness,2,Incorrect | Correct,A06 | A05
227,Collection,Correctness,2,Incorrect | Correct,A06 | A05
228,Collection,Correctness,2,Incorrect | Correct,A06 | A05
235,Collection,Correctness,2,Incorrect | Correct,A06 | A05
241,Collection,Correctness,2,Incorrect | Correct,A06 | A05
243,Collection,Correctness,2,Incorrect | Correct,A06 | A05
249,Collection,Correctness,2,Correct | Incorrect,A06 | A05
250,Collection,Correctness,2,Incorrect | Correct,A06 | A05
251,Collection,Correctness,2,Correct | Incorrect,A06 | A05
254,Collection,Correctness,2,Incorrect | Correct,A06 | A05
259,Collection,Correctness,2,Incorrect | Correct,A06 | A05
261,Collection,Correctness,2,Incorrect | Correct,A06 | A05
262,Collection,Correctness,2,Correct | Incorrect,A06 | A05
263,Collection,Correctness,2,Correct | Incorrect,A06 | A05
265,Collection,Correctness,2,Incorrect | Correct,A06 | A05
266,Collection,Correctness,2,Incorrect | Correct,A06 | A05
268,Collection,Correctness,2,Incorrect | Correct,A06 | A05
269,Collection,Correctness,2,Incorrect | Correct,A06 | A05
270,Collection,Correctness,2,Incorrect | Correct,A06 | A05
271,Collection,Correctness,2,Incorrect | Correct,A06 | A05
272,Collection,Correctness,3,Incorrect | Incorrect | Correct,A06 | A06 | A05
274,Collection,Correctness,2,Incorrect | Correct,A06 | A05
1802,Collection,Correctness,2,Correct | Incorrect,A05 | A06
1804,Collection,Correctness,2,Correct | Incorrect,A05 | A06
1805,Collection,Correctness,2,Correct | Incorrect,A05 | A06
1806,Collection,Correctness,2,Correct | Incorrect,A05 | A06
1808,Collection,Correctness,2,Correct | Incorrect,A05 | A06
1809,Collection,Correctness,2,Correct | Incorrect,A05 | A06
1810,Collection,Correctness,2,Correct | Incorrect,A05 | A06
1811,Collection,Correctness,2,Correct | Incorrect,A05 | A06
1814,Collection,Correctness,2,Correct | Incorrect,A05 | A06
1815,Collection,Correctness,2,Correct | Incorrect,A05 | A06
1820,Collection,Correctness,2,Correct | Incorrect,A05 | A06
1822,Collection,Correctness,2,Correct | Incorrect,A05 | A06
1829,Collection,Correctness,2,Correct | Incorrect,A05 | A06
1831,Collection,Correctness,2,Correct | Incorrect,A05 | A06
1833,Collection,Correctness,2,Correct | Incorrect,A05 | A06
1834,Collection,Correctness,2,Correct | Incorrect,A05 | A06
1837,Collection,Correctness,2,Correct | Incorrect,A05 | A06
1838,Collection,Correctness,2,Correct | Incorrect,A05 | A06
1839,Collection,Correctness,2,Correct | Incorrect,A05 | A06
1843,Collection,Correctness,2,Correct | Incorrect,A05 | A06
1846,Collection,Correctness,2,Correct | Incorrect,A05 | A06
1847,Collection,Correctness,2,Correct | Incorrect,A05 | A06
1848,Collection,Correctness,2,Correct | Incorrect,A05 | A06
1852,Collection,Correctness,2,Correct | Incorrect,A05 | A06
1853,Collection,Correctness,2,Correct | Incorrect,A05 | A06
1856,Collection,Correctness,2,Correct | Incorrect,A05 | A06
1857,Collection,Correctness,2,Correct | Incorrect,A05 | A06
1858,Collection,Correctness,3,Correct | Incorrect | Incorrect,A05 | A06 | A06
1859,Collection,Correctness,2,Correct | Incorrect,A05 | A06
1860,Collection,Correctness,2,Correct | Incorrect,A05 | A06
1861,Collection,Correctness,2,Correct | Incorrect,A05 | A06
1863,Collection,Correctness,2,Correct | Incorrect,A05 | A06
1865,Collection,Correctness,2,Correct | Incorrect,A05 | A06
1866,Collection,Correctness,2,Correct | Incorrect,A05 | A06
1867,Collection,Correctness,2,Correct | Incorrect,A05 | A06
1868,Collection,Correctness,2,Correct | Incorrect,A05 | A06
1869,Collection,Correctness,2,Correct | Incorrect,A05 | A06
1872,Collection,Correctness,2,Correct | Incorrect,A05 | A06
1874,Collection,Correctness,2,Correct | Incorrect,A05 | A06
1875,Collection,Correctness,2,Correct | Incorrect,A05 | A06
1876,Collection,Correctness,2,Correct | Incorrect,A05 | A06
1877,Collection,Correctness,2,Correct | Incorrect,A05 | A06
1878,Collection,Correctness,2,Correct | Incorrect,A05 | A06
1879,Collection,Correctness,2,Correct | Incorrect,A05 | A06
1883,Collection,Correctness,2,Correct | Incorrect,A05 | A06
1895,Collection,Correctness,2,Correct | Incorrect,A05 | A06
1899,Collection,Correctness,2,Incorrect | Correct,A05 | A06
2006,Collection,Correctness,2,Incorrect | Correct,A05 | A01
2007,Collection,Correctness,2,Correct | Incorrect,A05 | A01
2009,Collection,Correctness,2,Correct | Incorrect,A05 | A01
2020,Collection,Correctness,2,Correct | Incorrect,A05 | A01
2025,Collection,Correctness,2,Correct | Incorrect,A05 | A01
2027,Collection,Correctness,2,Correct | Incorrect,A05 | A01
2029,Collection,Correctness,2,Incorrect | Correct,A05 | A01
2031,Collection,Correctness,2,Correct | Incorrect,A05 | A01
2035,Collection,Correctness,2,Correct | Incorrect,A05 | A01
2037,Collection,Correctness,2,Correct | Incorrect,A05 | A01
2302,Collection,Correctness,2,Incorrect | Correct,A01 | A06
2304,Collection,Correctness,2,Correct | Incorrect,A01 | A06
2353,Collection,Correctness,2,Correct | Incorrect,A01 | A05
2354,Collection,Correctness,2,Incorrect | Correct,A01 | A05
2356,Collection,Correctness,2,Incorrect | Correct,A01 | A05
2357,Collection,Correctness,2,Incorrect | Correct,A01 | A05
2363,Collection,Correctness,2,Incorrect | Correct,A01 | A05
2367,Collection,Correctness,2,Incorrect | Correct,A01 | A05
2368,Collection,Correctness,2,Incorrect | Correct,A01 | A05
2370,Collection,Correctness,2,Incorrect | Correct,A01 | A05
2372,Collection,Correctness,2,Correct | Incorrect,A01 | A05
2376,Collection,Correctness,2,Incorrect | Correct,A01 | A05
2377,Collection,Correctness,2,Incorrect | Correct,A01 | A05
2380,Collection,Correctness,2,Incorrect | Correct,A01 | A05
2381,Collection,Correctness,2,Incorrect | Correct,A01 | A05
2382,Collection,Correctness,2,Incorrect | Correct,A01 | A05
2383,Collection,Correctness,2,Incorrect | Correct,A01 | A05
2391,Collection,Correctness,2,Incorrect | Correct,A01 | A05
2393,Collection,Correctness,2,Correct | Incorrect,A01 | A05
2394,Collection,Correctness,2,Incorrect | Correct,A01 | A05
2396,Collection,Correctness,2,Incorrect | Correct,A01 | A05
2397,Collection,Correctness,2,Incorrect | Correct,A01 | A05
2398,Collection,Correctness,2,Incorrect | Correct,A01 | A05
2400,Collection,Correctness,2,Incorrect | Correct,A01 | A05
168,Collection,Completeness,2,Incomplete | Complete,A05 | A06
210,Collection,Completeness,2,Incomplete | Complete,A07 | A05
221,Collection,Completeness,2,Incomplete | Complete,A07 | A05
224,Collection,Completeness,2,Incomplete | Complete,A06 | A05
227,Collection,Completeness,2,Incomplete | Complete,A06 | A05
229,Collection,Completeness,2,Complete | Incomplete,A06 | A05
230,Collection,Completeness,2,Incomplete | Complete,A06 | A05
231,Collection,Completeness,2,Complete | Incomplete,A06 | A05
232,Collection,Completeness,2,Complete | Incomplete,A06 | A05
233,Collection,Completeness,2,Complete | Incomplete,A06 | A05
234,Collection,Completeness,2,Incomplete | Complete,A06 | A05
236,Collection,Completeness,2,Complete | Incomplete,A06 | A05
237,Collection,Completeness,2,Complete | Incomplete,A06 | A05
238,Collection,Completeness,2,Complete | Incomplete,A06 | A05
239,Collection,Completeness,2,Complete | Incomplete,A06 | A05
241,Collection,Completeness,2,Complete | Incomplete,A06 | A05
243,Collection,Completeness,2,Complete | Incomplete,A06 | A05
245,Collection,Completeness,2,Incomplete | Complete,A06 | A05
246,Collection,Completeness,2,Complete | Incomplete,A06 | A05
247,Collection,Completeness,2,Complete | Incomplete,A06 | A05
250,Collection,Completeness,2,Complete | Incomplete,A06 | A05
251,Collection,Completeness,2,Complete | Incomplete,A06 | A05
252,Collection,Completeness,2,Complete | Incomplete,A06 | A05
253,Collection,Completeness,2,Complete | Incomplete,A06 | A05
254,Collection,Completeness,2,Complete | Incomplete,A06 | A05
256,Collection,Completeness,2,Complete | Incomplete,A06 | A05
257,Collection,Completeness,2,Complete | Incomplete,A06 | A05
258,Collection,Completeness,2,Complete | Incomplete,A06 | A05
259,Collection,Completeness,2,Complete | Incomplete,A06 | A05
261,Collection,Completeness,2,Complete | Incomplete,A06 | A05
264,Collection,Completeness,2,Complete | Incomplete,A06 | A05
265,Collection,Completeness,2,Complete | Incomplete,A06 | A05
266,Collection,Completeness,2,Complete | Incomplete,A06 | A05
267,Collection,Completeness,2,Complete | Incomplete,A06 | A05
268,Collection,Completeness,2,Complete | Incomplete,A06 | A05
269,Collection,Completeness,2,Complete | Incomplete,A06 | A05
270,Collection,Completeness,2,Complete | Incomplete,A06 | A05
271,Collection,Completeness,2,Complete | Incomplete,A06 | A05
272,Collection,Completeness,3,Complete | Complete | Incomplete,A06 | A06 | A05
273,Collection,Completeness,2,Complete | Incomplete,A06 | A05
274,Collection,Completeness,2,Complete | Incomplete,A06 | A05
651,Collection,Completeness,2,Complete | Incomplete,A05 | A06
1807,Collection,Completeness,2,Complete | Incomplete,A05 | A06
1812,Collection,Completeness,2,Incomplete | Complete,A05 | A06
1813,Collection,Completeness,2,Incomplete | Complete,A05 | A06
1817,Collection,Completeness,2,Incomplete | Complete,A05 | A06
1818,Collection,Completeness,2,Incomplete | Complete,A05 | A06
1832,Collection,Completeness,2,Incomplete | Complete,A05 | A06
1834,Collection,Completeness,2,Incomplete | Complete,A05 | A06
1837,Collection,Completeness,2,Incomplete | Complete,A05 | A06
1841,Collection,Completeness,2,Incomplete | Complete,A05 | A06
1844,Collection,Completeness,2,Incomplete | Complete,A05 | A06
1845,Collection,Completeness,2,Incomplete | Complete,A05 | A06
1846,Collection,Completeness,2,Incomplete | Complete,A05 | A06
1849,Collection,Completeness,2,Incomplete | Complete,A05 | A06
1854,Collection,Completeness,2,Incomplete | Complete,A05 | A06
1862,Collection,Completeness,2,Incomplete | Complete,A05 | A06
1864,Collection,Completeness,2,Incomplete | Complete,A05 | A06
1870,Collection,Completeness,2,Incomplete | Complete,A05 | A06
1893,Collection,Completeness,2,Incomplete | Complete,A05 | A06
1894,Collection,Completeness,2,Incomplete | Complete,A05 | A06
1896,Collection,Completeness,2,Incomplete | Complete,A05 | A06
1897,Collection,Completeness,2,Incomplete | Complete,A05 | A06
1899,Collection,Completeness,2,Incomplete | Complete,A05 | A06
2002,Collection,Completeness,2,Complete | Incomplete,A05 | A01
2005,Collection,Completeness,2,Complete | Incomplete,A05 | A01
2022,Collection,Completeness,2,Complete | Incomplete,A05 | A01
2027,Collection,Completeness,2,Complete | Incomplete,A05 | A01
2035,Collection,Completeness,2,Complete | Incomplete,A05 | A01
2301,Collection,Completeness,2,Incomplete | Complete,A01 | A06
2302,Collection,Completeness,2,Incomplete | Complete,A01 | A06
2303,Collection,Completeness,2,Incomplete | Complete,A01 | A06
2307,Collection,Completeness,2,Incomplete | Complete,A01 | A06
2308,Collection,Completeness,2,Incomplete | Complete,A01 | A06
2310,Collection,Completeness,2,Incomplete | Complete,A01 | A06
2350,Collection,Completeness,2,Incomplete | Complete,A01 | A06
2353,Collection,Completeness,2,Incomplete | Complete,A01 | A05
2357,Collection,Completeness,2,Incomplete | Complete,A01 | A05
2359,Collection,Completeness,2,Incomplete | Complete,A01 | A05
2361,Collection,Completeness,2,Incomplete | Complete,A01 | A05
2362,Collection,Completeness,2,Incomplete | Complete,A01 | A05
2372,Collection,Completeness,2,Incomplete | Complete,A01 | A05
2380,Collection,Completeness,2,Incomplete | Complete,A01 | A05
2384,Collection,Completeness,2,Incomplete | Complete,A01 | A05
2385,Collection,Completeness,2,Incomplete | Complete,A01 | A05
2392,Collection,Completeness,2,Incomplete | Complete,A01 | A05
2393,Collection,Completeness,2,Incomplete | Complete,A01 | A05
2394,Collection,Completeness,2,Incomplete | Complete,A01 | A05
2395,Collection,Completeness,2,Incomplete | Complete,A01 | A05
2400,Collection,Completeness,2,Incomplete | Complete,A01 | A05
